,logFC,logCPM,LR,PValue,FDR
group_15198,-2.54384774648535,4.65121398358444,17.9066209496387,2.32012554338255e-05,0.171828497742911
group_14974,-1.99585410920592,5.0415513706112,15.5475826261454,8.04544562365023e-05,0.281578533670759
group_35154,1.83125983320276,5.01810213773501,14.8884206193566,0.000114060977722425,0.281578533670759
group_25000,-1.43265827395269,6.68650066281738,11.6928140176713,0.000627419376310437,0.956879284188898
group_15179,-1.00782772231279,7.6414018810333,11.6384726241402,0.00064601625991689,0.956879284188898
group_5953,-1.28043708452782,8.24246993746012,11.1949771672833,0.000820190468849475,0.999803330491299
group_14821,-1.1553681971531,8.79808738350781,9.88100294430171,0.00166993890288571,0.999803330491299
group_15209,-0.943530746827368,5.77456477457784,9.40299138469103,0.00216631710136894,0.999803330491299
group_34647,-1.24448035862856,5.20034924246274,9.19346763925945,0.0024288033069856,0.999803330491299
group_6170,-1.18808482276002,5.24774154863662,9.17240606880133,0.00245691345495158,0.999803330491299
group_547,1.41670457758679,4.85097558834873,8.97040339536374,0.00274388009187656,0.999803330491299
group_6903,1.0095042945402,5.67284686318016,8.00494196313029,0.0046649857743657,0.999803330491299
group_11943,-0.653848699909775,7.63358188945567,7.64984103558374,0.00567773242881371,0.999803330491299
group_8146,1.53456509771007,4.34408515217293,7.10315134912253,0.00769485446554829,0.999803330491299
group_12036,-1.59180382528771,4.36203255459208,7.01693877871425,0.00807421555952963,0.999803330491299
group_873,1.30949959689426,4.66928939987824,6.8350520226464,0.00893860903354441,0.999803330491299
group_24769,-1.12228745294569,6.68889495398687,6.82125400688402,0.00900792952949053,0.999803330491299
group_19181,-0.601159528984605,6.59496093053397,6.65140697911085,0.00990775568662109,0.999803330491299
group_14960,0.904341915105385,5.73128214173032,6.64463501308468,0.00994548505303184,0.999803330491299
group_8230,0.918903594512121,5.82732766835467,6.58763105129839,0.0102689730040662,0.999803330491299
group_5200,0.981820761137614,5.20701955032466,6.51707374773374,0.0106843659734568,0.999803330491299
group_15516,-1.17709385384247,5.01411506413006,6.39807905505258,0.0114243911323349,0.999803330491299
group_34841,1.38361742690843,4.76678358841346,6.2740946343557,0.0122515701940017,0.999803330491299
group_1185,0.6440105413439,6.33696588334085,6.22255947827237,0.0126132644298613,0.999803330491299
group_6920,-1.05290662343854,5.0353869662529,6.2162336810816,0.0126584111963092,0.999803330491299
group_25076,-0.736711320364814,6.45873314036058,6.08729066087128,0.0136157718656405,0.999803330491299
group_11949,-0.864642642486372,6.68152135492466,6.04754732913416,0.0139256273112003,0.999803330491299
group_34796,1.35781640419232,5.28999882092384,5.99909829460435,0.0143131920132604,0.999803330491299
group_6794,0.974519660631346,5.12836012083488,5.98884258934006,0.0143966455658392,0.999803330491299
group_24767,-0.953766787999401,5.28151247656712,5.96411962637388,0.0145998884494957,0.999803330491299
group_1917,1.24044059419042,4.78951899899877,5.96288956674065,0.0146100773399594,0.999803330491299
group_34656,1.02879502958742,5.37279907865897,5.85158492351107,0.0155630286440579,0.999803330491299
group_3384,-0.85476614604299,5.49454414991991,5.82715423753801,0.0157806310109062,0.999803330491299
group_24621,0.804407443303148,5.98146708724611,5.76732835430935,0.0163268373881994,0.999803330491299
group_8328,-0.668749600605513,7.91199095782735,5.72386165771659,0.016735882674495,0.999803330491299
group_12213,0.818611376662457,5.43353347991954,5.71784157672477,0.0167933624614661,0.999803330491299
group_19047,-0.763401190289002,6.07971625298804,5.67578217069963,0.0172006694234783,0.999803330491299
group_19043,-0.585055734640824,6.52004317781399,5.57143732644494,0.0182557693102652,0.999803330491299
group_35293,1.48881652658706,5.24028547499932,5.56786397532771,0.0182930631922621,0.999803330491299
group_9859,-0.518541736128987,9.68530702661347,5.50512486374333,0.018960826407429,0.999803330491299
group_10016,-1.09983623597957,5.74697717564526,5.48808954356877,0.0191464537070671,0.999803330491299
group_34672,0.954773691021427,5.42836819868996,5.41911230610723,0.0199174838906998,0.999803330491299
group_35225,0.562582269307784,7.12728186961944,5.21047658212731,0.0224511796834352,0.999803330491299
group_12057,-0.722828242210813,5.9619359712094,5.20203568350604,0.022560452543879,0.999803330491299
group_4717,0.69210739848307,6.31314873879813,5.05216638253684,0.0245951685641502,0.999803330491299
group_4799,2.01877564668628,5.59753954405763,5.0300070627203,0.0249117968419412,0.999803330491299
group_193,0.653650302669687,6.30446748474483,5.02531338956478,0.0249794047587942,0.999803330491299
group_5278,1.20985495684305,4.90049976000963,5.0032783107791,0.025299355058916,0.999803330491299
group_743,0.752700861364229,5.51814276851684,4.99418848839341,0.0254325767302653,0.999803330491299
group_8464,-0.596725703037717,8.62227883333051,4.92586564232927,0.0264575440231782,0.999803330491299
group_24755,-0.669990774162751,6.52035054732176,4.90777771886655,0.0267360179584709,0.999803330491299
group_292,1.04007269946982,5.0722139126699,4.90182557395478,0.0268283194965717,0.999803330491299
group_24892,0.835849220063096,5.24330511768922,4.89600975793989,0.0269188269685266,0.999803330491299
group_12465,-0.963436646524635,5.18067491566063,4.83946050926809,0.0278155956310651,0.999803330491299
group_8257,1.03677614287791,4.87683178909671,4.79716889380052,0.0285065438658447,0.999803330491299
group_14918,-0.472211200482906,7.89473021528259,4.79387671971095,0.0285610744823202,0.999803330491299
group_2487,1.01057263744213,5.17781869452116,4.79201026456902,0.0285920381242898,0.999803330491299
group_2726,-0.540046487588503,7.38627477639552,4.73708556120219,0.0295190380139814,0.999803330491299
group_10246,1.01181185925962,4.962645390971,4.72416144363334,0.0297416820715719,0.999803330491299
group_2257,0.600089962002913,6.1306896067424,4.71251683027343,0.029943782480825,0.999803330491299
group_3327,0.835438218637998,5.34722695356368,4.70653084965738,0.030048229732527,0.999803330491299
group_8491,-0.819535045253107,8.42241210481425,4.65167057596009,0.0310233413483242,0.999803330491299
group_3334,-0.896879633478548,5.34412779874188,4.63322120773173,0.0313586357022342,0.999803330491299
group_587,0.63210664361646,5.94576739442873,4.56573140132537,0.0326177436164365,0.999803330491299
group_12435,-0.639645923813727,5.84694350277282,4.52583358324166,0.033386807071565,0.999803330491299
group_3373,-0.586532034104877,6.13763093415413,4.51501951266317,0.0335985028731621,0.999803330491299
group_34622,-1.06303173725114,5.46462526327351,4.43348684084851,0.0352404446460211,0.999803330491299
group_15602,-0.58887215982454,5.9259408849713,4.42596895573861,0.0353960105597605,0.999803330491299
group_11838,0.990670311806295,5.02414712785124,4.42525932549475,0.0354107318377161,0.999803330491299
group_35199,1.1328505747865,4.94639726117345,4.41410109791424,0.0356430533350476,0.999803330491299
group_18890,0.72180594246388,5.73568134112858,4.38624028171168,0.0362301233052542,0.999803330491299
group_2268,-0.794600704983171,5.21669089601702,4.38354211216587,0.0362875128684071,0.999803330491299
group_15223,1.55864952954761,4.44703973249977,4.36866956039466,0.0366055618088051,0.999803330491299
group_15533,-0.457697421166666,7.73535750564082,4.36750073099297,0.0366306805584946,0.999803330491299
group_14980,-0.53529468045541,8.24298857973796,4.35317304801359,0.0369400606637053,0.999803330491299
group_8133,-0.80691695391185,5.21738228500297,4.32838989317633,0.0374816853818983,0.999803330491299
group_7175,1.09273051436147,5.06549737330941,4.32626515119984,0.0375285062197761,0.999803330491299
group_6970,-0.468954200377938,7.18354357963598,4.32313109169703,0.0375976802710943,0.999803330491299
group_304,0.953181463657656,4.8780885349207,4.31988841951172,0.0376693922191587,0.999803330491299
group_3354,0.874360740938247,5.09139408558236,4.30949967890166,0.0379001066982357,0.999803330491299
group_14602,-0.61630078913752,8.087701248525,4.28289037773204,0.0384978295484333,0.999803330491299
group_25026,-1.17144465075543,5.29800364495224,4.27825145547946,0.0386030408288623,0.999803330491299
group_34631,0.773538388706481,5.33803881573006,4.27771401857627,0.0386152494295676,0.999803330491299
group_851,0.896906445002642,5.0869738592152,4.27760630994452,0.038617696662638,0.999803330491299
group_34817,0.963447669425387,5.02365986680886,4.27208996871382,0.0387432503837979,0.999803330491299
group_15279,-0.502132447820143,6.54017575094772,4.27040011436987,0.0387817976017445,0.999803330491299
group_1893,0.971221620172935,5.79383079924955,4.25636372893059,0.0391035398311042,0.999803330491299
group_34823,1.10952078603667,4.46601840583258,4.24886680036246,0.0392765302842335,0.999803330491299
group_8131,-0.476141627844644,7.98654551115447,4.22437558848631,0.0398472782453499,0.999803330491299
group_4130,0.546322865243549,6.54712182292538,4.2127877106046,0.0401203510041429,0.999803330491299
group_34903,0.859957419636192,5.38485964513884,4.20146769256562,0.0403890085964065,0.999803330491299
group_2032,0.836946260877289,5.17521135136798,4.15510489447035,0.0415092027884343,0.999803330491299
group_8482,0.766443793937742,5.55945532822446,4.13316213711685,0.0420507057643874,0.999803330491299
group_8242,0.485785302613191,7.74235566745793,4.09691093343792,0.0429616393345662,0.999803330491299
group_9817,0.52212851932064,6.73371231102708,4.06330298083242,0.0438246991868624,0.999803330491299
group_4198,1.09876688552262,4.43818068911305,4.01291958993909,0.0451528973556641,0.999803330491299
group_5193,0.675614176866342,6.27362651329726,4.00195498790995,0.0454475202813336,0.999803330491299
group_6975,-0.948897784056543,4.93331670472011,3.99150710639258,0.045730143316834,0.999803330491299
group_3031,0.861422000676992,5.26510853144047,3.98337366248898,0.04595144069462,0.999803330491299
group_15107,-0.51380399330407,8.96989330183434,3.97557096700195,0.0461647997169452,0.999803330491299
group_12297,-0.569392367153028,6.49805762682962,3.94884075358956,0.0469036686136347,0.999803330491299
group_5326,-0.438458985940754,7.52346488267942,3.94554202030484,0.0469957117779371,0.999803330491299
group_4566,0.946498595985159,4.98322464559901,3.94287494174506,0.0470702693931006,0.999803330491299
group_10155,0.627585233283111,5.87996785162905,3.94148317002127,0.0471092255952764,0.999803330491299
group_34931,-1.01227603339237,5.27903973421567,3.90940140769429,0.0480166970168301,0.999803330491299
group_25102,0.794166164078818,5.17397002632988,3.88477251840009,0.0487258629364608,0.999803330491299
group_9902,0.562535730974894,5.99516613828665,3.87937727106673,0.0488826852450702,0.999803330491299
group_15316,0.435828217831467,7.36820790700276,3.8762360712635,0.0489742350888696,0.999803330491299
group_15056,-0.57252492369504,6.46262140362447,3.86151431542833,0.0494057178273392,0.999803330491299
group_12254,-0.406414941253703,8.77857238326905,3.85816758861431,0.0495043666481261,0.999803330491299
group_4606,-0.87574738865328,4.87259855705871,3.85775470095037,0.0495165514208132,0.999803330491299
